time_beg,time_end,Factor1,Factor2,Factor3
19960122,19960216,0.038360971286044,0.00160724941910585,0.000247198498260057
19960220,19960315,0.0321554574082199,0.00495428467325719,0.00758443548937705
19960318,19960419,0.0307862009797842,-0.00599644974287367,0.00288167691290633
19960422,19960517,0.0151637282108539,-0.00311016265708689,0.00529995524446919
19960520,19960621,0.0265668067876676,-0.00263786356059978,0.014950330276619
19960624,19960719,0.00750103797215158,0.0121543660507641,0.0196755269794534
19960722,19960816,0.0269973104613643,-0.00240421179975764,0.0096330273900534
19960819,19960920,0.0317803125252138,-0.00561693138121684,0.00559515925366967
19960923,19961018,0.0267319694230598,0.00461965128776738,0.00368154079931572
19961021,19961115,0.0255946635145314,0.00200038997357026,0.0011619263036118
19961118,19961220,0.0362940403478939,0.00141837805788869,0.00433012718629039
19961223,19970117,0.0300125953507398,-0.0127056704395777,0.00399887792534195
19970120,19970221,0.0322631402605871,-0.000618255499125023,0.00629325208422709
19970224,19970321,0.0196270223007354,-0.00598179939412021,0.0113295527532713
19970324,19970418,0.0225831630885387,0.00494840070093748,0.0126760804988255
19970421,19970516,0.0203770598400511,0.00743887159697961,0.00782898289205068
19970519,19970620,0.0359085891115799,-0.00581649257939946,0.00307119087783851
19970623,19970718,0.0254425575569955,-0.0068804757187722,0.00901746491936737
19970721,19970815,0.0371256926428621,-0.00121805691336278,-0.00503463151490265
19970818,19970919,0.0295169603135166,-0.00964487166432123,-0.00049480007159288
19970922,19971017,0.0228651622381063,-0.00861847206368421,0.00240166652617588
19971020,19971121,0.0170516223422276,0.0143616235113318,0.0163225229475162
19971124,19971219,0.0260565153293196,0.0034417840125808,0.00486170677671971
19971222,19980116,0.0356794247790141,-0.00560317898614276,0.00448487855809948
19980120,19980220,0.0336768964372785,-0.00492844238960945,0.00142848183646337
19980223,19980320,0.0265064989449251,-0.00259120567253727,0.00761681065351984
19980323,19980417,0.0178828460685939,-0.00913184749303464,0.00476006999210713
19980420,19980515,0.0275345708382536,-0.00447883497034492,0.00462958947136898
19980518,19980619,0.0254014441918206,0.00224897079369681,0.0069731863058537
19980622,19980717,0.0242185799356134,-0.000302491479644164,0.0135931583288826
19980720,19980821,0.00404684961743984,0.021101378268399,0.00483617268505659
19980824,19980918,0.00189064364181371,0.02182796402961,0.0161593161940587
19980921,19981016,0.0185467251390596,0.0263906601349197,0.0223988574217214
19981019,19981120,0.0461116747484409,0.0195108914508923,-0.00383504524015965
19981123,19981218,0.032139541175474,-0.0038139475676243,0.0152207766850037
19981221,19990115,0.0293372235386723,-0.00839540481880087,0.0147026915473872
19990120,19990219,0.0355940742944861,-0.00211625714319408,0.006756208793414
19990222,19990319,0.0415572426047187,-0.00219881282891238,0.0057955705499055
19990322,19990416,0.0188294061409058,0.0140002297370472,0.0101703278480005
19990419,19990521,0.052635244163031,0.0115021745454007,-0.00195490846489878
19990524,19990618,0.0473528165280222,-0.0206662771891098,0.00779996277878579
19990621,19990716,0.034485916674635,-0.0122636535343401,0.00243288329189144
19990719,19990820,0.0318361620101572,-0.00639412065302717,0.0107399658727665
19990823,19990917,0.0313491325545718,-0.00363013079772353,0.00181736958252299
19990920,19991015,0.0281807639203803,0.00681160055580232,0.00793212558690026
19991018,19991119,0.0276532232138493,0.0133440018342744,0.0107788509466995
19991122,19991217,0.0169574545914756,-0.00468283067690047,0.0109526812909275
19991220,20000121,0.0179650337997654,-0.0141238635881059,0.0283482691227084
20000124,20000218,0.0293307167981736,-0.00572146051652373,0.0159341277595474
20000222,20000317,0.0264489300104654,0.0231408438695685,0.0196130872711952
20000320,20000420,0.00640224534410577,0.00359869803619518,0.0388359032088489
20000424,20000519,0.0769236531292841,-0.0115977085881655,0.00557738849283593
20000522,20000616,0.0439012878860353,-0.00395930527935414,0.0240524183919513
20000619,20000721,0.0451937295171222,-0.00144142123046884,0.00781228068787109
20000724,20000818,0.0430424181035957,0.00203383498917013,0.00212311410072378
20000821,20000914,0.0503467296569476,-0.00895279961349923,-0.00444636551650386
20000919,20001020,0.0130548084847327,0.0234350366080398,0.0213982721363741
20001023,20001117,0.0415221306254745,0.0164746020594827,0.0178116613939417
20001120,20001215,0.0193248325595144,0.00342432561490176,0.0353379039979166
20001218,20010119,0.0425333167484834,0.0249776011929034,0.0309861204548235
20010122,20010216,0.0637258427260564,-0.0159983161357489,-0.000642858912439295
20010220,20010316,0.0335199678940288,-0.00309678972436966,0.019315513838421
20010319,20010420,0.039482822511184,0.0160078636789896,0.0335993945062747
20010423,20010518,0.0428238871414231,-0.0213371044605334,-0.00799677550542598
20010521,20010615,0.0353734754776361,-0.00554540832745116,0.00718019309700936
20010618,20010720,0.0312530446078812,0.00267491091667719,0.00206913879509674
20010723,20010817,0.031523457185459,-0.0142130446293702,-0.000365016896876888
20010820,20010921,-0.00841857762265297,0.0232377165015158,0.00250176240633967
20010924,20011019,0.0438840717594489,0.00536428278774757,0.0101780616585797
20011022,20011116,0.0314106976049116,0.00233476575966423,-0.0080594543679949
20011119,20011221,0.0399049853716334,-0.00360141526206952,-0.000867710252101088
20011224,20020118,0.0328061454808103,-0.0154741270952954,-0.00290870891330677
20020122,20020215,0.027138472917801,-0.000972291944463979,-0.00229672023298171
20020219,20020315,0.0266203085425066,0.00301042635876779,0.00673592548745519
20020318,20020419,0.0298035939817862,-0.00430923865357189,-0.000756101233784134
20020422,20020517,0.0146945415147251,0.00647631367096645,0.0103758546972376
20020520,20020621,0.0212085916425593,0.00141590056010365,0.00564940432971214
20020624,20020719,0.0131645503844017,0.0276155267817968,0.00808203488079394
20020722,20020816,0.0224079038107296,0.0256729916357869,-0.00635170348287152
20020819,20020920,0.0480323394776697,0.00358937033081061,-0.00562822844390143
20020923,20021018,0.0227435325161634,0.0286469107814156,2.17818210518095e-05
20021021,20021115,0.033759970925763,-0.000430962884171669,-0.00179431663102173
20021118,20021220,0.0426520271961756,-0.00344304664017915,-0.00661283250834967
20021223,20030117,0.0425235977012068,-0.00688982273037872,-0.0104574547283225
20030121,20030221,0.0313885772285865,-0.00363550554961151,-0.00478064773842806
20030224,20030321,0.0377244449895445,0.00146297130808966,-0.00375927124634325
20030324,20030417,0.0228237869845465,-0.0146932308483948,0.000375449288879643
20030421,20030516,0.0119179991746149,0.00548922928074075,-0.00094316270202142
20030519,20030620,0.0072933155632673,-0.00590692943286776,0.00956543925677108
20030623,20030718,0.0321953279379168,-0.00464003696772562,0.00341289376378678
20030721,20030815,0.0156951671343811,-0.00733172376317718,0.00203317504292167
20030818,20030919,0.0216302594487517,0.00262147751325933,0.00182532304242055
20030922,20031017,0.0103626050467395,-0.00451366260230777,0.00285199567057549
20031020,20031121,0.0167414036556574,2.64220723474057e-05,0.00670782070247764
20031124,20031219,0.0178426264746109,-0.00171486755491316,-0.000246093469316173
20031222,20040116,0.0087842964685633,-0.00462616561609602,0.00140881254229676
20040120,20040220,0.0126948053933038,-0.000594160162533349,0.0101019466884913
20040223,20040319,0.014857877519718,-0.00529074567127239,0.000503140773545291
20040322,20040416,0.0185200587592381,-0.0103051042609705,5.55748260789271e-05
20040419,20040521,5.56213270157935e-05,0.00161224024323234,0.0109388062377913
20040524,20040618,0.0242303707659013,-0.00659919276488659,-0.00378087304844448
20040621,20040716,0.0181774873888388,0.00507106488359329,0.00590696404910593
20040719,20040820,0.00685260643112309,0.00908207113278317,0.00875800066729419
20040823,20040917,0.0300103015753909,-0.00576668028012368,-0.00545069932786372
20040920,20041015,0.0116408971982826,0.00190675174013446,-0.00050222925234709
20041018,20041119,0.015947857175955,0.00643908267732079,0.00573730853218073
20041122,20041217,0.0208899497854006,-0.0048070771443441,-0.00154146082805076
20041220,20050121,0.0222574244338774,-0.00738995638408539,0.00440211392148259
20050124,20050218,0.0177109977351085,-0.0046868528621992,-0.000242238969983549
20050222,20050318,0.0144813419349426,-0.00798826532514456,0.00181324147562929
20050321,20050415,0.0111456113271541,0.000296297469256989,0.000665571921065461
20050418,20050520,0.0273938826969098,0.00962576834815861,0.00481429454178538
20050523,20050617,0.0233689841663734,-0.00369515736555258,-0.00139429809900622
20050620,20050715,0.0183561748944355,0.000986461834203868,-0.00222969099401101
20050718,20050819,0.0178910811687179,0.00332950740754456,0.00533148214640642
20050822,20050916,0.0212886126921519,-0.000485215691308932,-0.00223040863845087
20050919,20051021,0.00338551849673432,-0.000643734071082208,0.00794953236468911
20051024,20051118,0.0139222946491144,-0.00312896557219935,0.00129434972745863
20051121,20051216,0.00853539766097959,-0.0161689809981938,0.00566123921571393
20051219,20060120,0.0225133387533984,-0.0139965718993263,0.00031859847459745
20060123,20060217,0.011249519359221,-0.00787460881221944,0.00160243711557931
20060221,20060317,0.016454798232292,-0.00736675007369389,-0.00143736697387775
20060320,20060421,0.0188209469256149,-0.00285586393542127,-0.000871515560769359
20060424,20060519,0.00401178275125636,-0.00147209013749029,0.00636007478507138
20060522,20060616,0.0184358144529507,-0.00450005884915788,0.00634853159117068
20060619,20060721,0.0185167345319399,-0.00321178828857556,0.00485473426979898
20060724,20060818,0.0135511284614893,-9.23379708500892e-05,-0.0048221431245902
20060821,20060915,0.0166910505623383,-0.0121141045805978,0.00226951654366481
20060918,20061020,0.018819163125734,-0.00735279465349765,-0.00227410894553012
20061023,20061117,0.0111577020192963,-0.0116899892051539,0.00163301750936586
20061120,20061215,0.0186862486053189,-0.00841747334891821,-0.00301819668791525
20061218,20070119,0.0203730347537123,-0.0137118168416594,-0.000731485540101512
20070122,20070216,0.0172013110212947,-0.0109934520242905,-0.000729527162026577
20070220,20070316,0.00734640628186404,0.000337353854266002,0.00386668189043877
20070319,20070420,0.0201395661009819,-0.0102435561904135,-0.00435683386112347
20070423,20070518,0.011926996116048,-0.00699994245407784,0.00318887081555171
20070521,20070615,0.0235006093208639,-0.00164160029767834,-0.000127518427847786
20070618,20070720,0.012901748279874,-0.00477070456768097,0.00108976772164707
20070723,20070817,-0.00217529478654227,0.0282661570284196,0.000595194058954409
20070820,20070921,0.0351183228873451,-0.0163790706582535,0.000107919078231447
20070924,20071019,0.0196848631644826,-0.00387673012049858,-0.00161773570718344
20071022,20071116,0.00537449684865416,0.00545548105651074,0.0140858180678794
20071119,20071221,0.00868759086986181,-0.00380375961841833,-0.00581092511427109
20071224,20080118,0.00694951994050317,0.0109221688471356,0.00451670947858128
20080122,20080215,0.0249882016549171,0.00277960839346223,-0.0110618118357043
20080219,20080320,0.0080742510101332,0.00930859939967946,0.00274795209712962
20080324,20080418,0.0311136141084092,-0.00665157560206419,0.00220946000693241
20080421,20080516,0.0188317329915315,-0.00518131336037494,-0.00224235664430707
20080519,20080620,0.0199247854327355,0.00543077541705695,-0.000582033807638641
20080623,20080718,0.00756036959601896,0.0153666708239401,-0.000651811130970163
20080721,20080815,0.0162266938901988,0.0222804783946778,-0.00664369862020766
20080818,20080919,0.0115498206294722,0.0518395705390758,-0.0125855037158787
20080922,20081017,-0.00737361316832516,0.0529197857247329,0.013363575147554
20081020,20081121,-0.000275034739043631,0.0688698701883081,0.0140236434943596
20081124,20081219,0.0248660189609122,0.029810638792472,-0.0144577087007883
20081222,20090116,0.0435341763398052,-0.011214855673971,-0.0171289332377714
20090120,20090220,0.0553770572616445,-0.00230162066434321,-0.0332201134732834
20090223,20090320,0.00395933959970839,0.0128096202620055,-0.0044331521005686
20090323,20090417,0.0327238311989954,0.0406412083504343,-0.0221587292870714
20090420,20090515,0.0369115055832276,0.00864690764835185,-0.0165425042579376
20090518,20090619,0.0352959024341701,-0.0185264058904761,-0.000711406904542748
20090622,20090717,0.0325186481209856,-0.0136667399189151,-0.00453308434085572
20090720,20090821,0.0192269698630365,0.00658801909610935,-0.00665761684744645
20090824,20090918,0.0340623923556663,0.000220827034269912,-0.00619222163916016
20090921,20091016,0.0288871075833012,-0.0070482194855343,-0.00232814969111568
20091019,20091120,0.0145739714544753,0.0027110849913087,0.00493746371316224
20091123,20091218,0.0199302418905809,-0.00983942082265059,-0.00303593836506683
20091221,20100115,0.0238875219121528,-0.00469846563392647,-0.00332507045648913
20100119,20100219,0.0218175974991897,0.00193713135836505,0.00544324845629927
20100222,20100319,0.00464728790660274,-0.00809750803927419,0.000923930010198202
20100322,20100416,0.0158566073154529,-0.00022268453606138,-0.00255975153124102
20100419,20100521,-0.00325636310166803,0.0353588933710496,0.010122166102018
20100524,20100618,0.0343100152064468,-0.00764562936233537,-0.00200998759536254
20100621,20100716,0.015688576384456,0.0058943090581323,0.00521055921548226
20100719,20100820,0.0194050291157366,-0.00175172949406134,0.00222951396371675
20100823,20100917,0.011697058743961,-0.00696179433414517,0.00385500544655208
20100920,20101015,0.00714154323891604,-0.00367962679035437,0.001494815135143
20101018,20101119,0.0101139853903297,-0.00387966679035857,0.00408971753811568
20101122,20101217,0.022400937193661,0.00121969969569429,-0.0014421585596204
20101220,20110121,0.0194372362184067,-0.00514369144049361,0.00167792613533994
20110124,20110218,0.00698636403766834,-0.000917693334013812,0.00100208497317275
20110222,20110318,0.012244446898922,-0.00370284139836148,0.00392161802177492
20110321,20110415,0.018999769314116,-0.00742826092422855,0.00185580113942106
20110418,20110520,0.0115295267660286,-0.00311476084083767,0.00376235977229549
20110523,20110617,0.0135756569129556,0.00246261896612945,-0.000509365834201051
20110620,20110715,0.0228479739813793,-0.00263162928561859,0.00459354480022707
20110718,20110819,-0.0164294407552245,0.0483678333234944,0.0128875874473057
20110822,20110916,0.0472978688465735,0.000704797638682625,-0.00639254980267646
20110919,20111021,0.0225921393753488,0.019048583225521,-0.00154755973754808
20111024,20111118,-0.000901792530044309,0.018471156722366,0.00150186587493735
20111121,20111216,0.0195835066008175,-0.00376821832681227,-0.000498379392545825
20111219,20120120,0.0173966560344137,-0.00637027622469921,0.00139096779763799
20120123,20120217,0.0106060167845942,0.00253897587809353,-0.00369004685526511
20120221,20120316,0.0177270030575276,0.00077956131108482,-0.00601752398890325
20120319,20120420,0.0093906159807104,0.0037143661775108,0.00367667341403444
20120423,20120518,0.0109354301316232,0.011060073001872,0.00782361099122904
20120521,20120615,0.0229224248229177,-0.000616312309351278,0.00162298239602323
20120618,20120720,0.00794248850919549,0.00459135701322167,0.004975415241669
20120723,20120817,0.0045944490807638,0.0100802491501928,-0.0039379263554595
20120820,20120921,0.0206577027267498,-0.00485306221660296,0.00288629876315466
20120924,20121019,0.00687900758024129,-0.00648988462376285,0.00400243165704378
20121022,20121116,0.0212778928310984,0.0113036472345749,0.0003386990237007
20121119,20121221,0.0129584957177575,-0.00598396751993316,-0.00260790278269022
20121224,20130118,0.0298023665585805,0.00500463953710657,-0.00179956259960655
20130122,20130215,0.00203159681824478,0.000422085104594343,-0.000747004376829984
20130219,20130315,0.00692855891079803,0.00637356120576854,-0.000245734928115656
20130318,20130419,0.000936041313679739,0.00308717574863771,0.0098502963564004
20130422,20130517,0.00979796224455957,0.00619954237372599,0.00116721796765245
20130520,20130621,0.0199251557115731,0.00917820875123388,0.0034055270842657
20130624,20130719,0.0196957079050958,-0.000661009007033729,-0.0026661168876348
20130722,20130816,0.00857429202342134,-0.00211576441471212,0.00263531185353664
20130819,20130920,0.0176885448359458,-0.00199111607434923,-0.00326679611762498
20130923,20131018,0.00336622982807774,-0.0064962839895023,0.0100948185015188
20131021,20131115,0.00904175939850591,0.00869753111220326,0.000932193141663946
20131118,20131220,0.00798139787920778,-0.0030279687126112,-0.00174785070305489
20131223,20140117,0.0123185844573676,-0.00497135400233213,0.00786353768686773
20140121,20140221,0.0131157905052714,0.00459838211638148,0.00210144499915877
20140224,20140321,0.0124347792187974,-0.00201081549935038,-0.00150685483030476
20140324,20140417,0.0158760192948676,0.00575976316655859,0.00891862108836427
20140421,20140516,0.00564872041801165,-0.000312620800787291,0.000511381115243347
20140519,20140620,0.0192050921523789,0.00430550889982288,-0.00432925062974127
20140623,20140718,0.0205116143928175,0.000485111347706363,0.000192935358217873
20140721,20140815,0.00412669740484,-0.00230318126170657,0.000951985146472506
20140818,20140919,0.0140608916671217,0.00260504140694136,-0.00415140834682315
20140922,20141017,0.0125578227506341,0.0210188492594563,0.00173984123507792
20141020,20141121,0.0179008558398665,0.0156427697240316,-0.0130359905345045
20141124,20141219,0.00240767713549895,0.0214078043294134,-0.00642357527556351
20141222,20150116,0.0165101661903984,0.00394974306473428,-0.000217144435098405
20150120,20150220,0.0201095380776791,0.00907828311200387,-0.00629737687687467
20150223,20150320,0.0117839756384564,0.00654691932319679,-0.00694768679999493
20150323,20150417,0.0108006273911645,-0.00418379943747895,-0.00171244599922651
20150420,20150515,0.011801048372105,-0.00107247634927809,0.00153824973654351
20150518,20150619,0.0119327439756022,-0.00216853897053458,-0.00191330725483621
20150622,20150717,0.01648198653775,0.012155708109016,0.00127873442951473
20150720,20150821,-0.00490280714108877,0.0226390468494014,0.0022566192161515
20150824,20150918,0.0268288675525932,-0.0293431098186308,-0.00423647224464744
20150921,20151016,0.0019587983514096,0.00497465134689423,0.00614801251875786
20151019,20151120,0.000994770216351525,0.0230427865017969,-0.00569467105537413
20151123,20151218,0.0202388955401446,0.0105536779808396,-0.00470801781910592
20151221,20160115,0.00152246122694612,0.0135276947344022,0.00558808629473698
20160119,20160219,0.015949036622327,0.0233063613107301,-0.00874251390631259
20160222,20160318,0.0109837596058968,0.0198777225162175,-0.0173667588654992
20160321,20160415,0.0254680398381508,-0.00145417841009369,-0.00297606681836458
20160418,20160520,0.0274602568371277,0.0117573287416108,-0.0079315271964605
20160523,20160617,0.0254925007476351,-0.00554705105638081,-0.00273283724556673
20160620,20160715,0.00854932030628318,0.0154264193912179,-0.00381503304648225
20160718,20160819,0.0238835271420877,0.00165649222744499,-0.00627739869520233
20160822,20160916,0.00463982259854989,-0.000198997291258669,0.000339202652302079
20160919,20161021,0.0135797876135697,-0.00728830250676997,0.00244038242260964
20161024,20161118,0.00587407961119313,0.024145267148842,-0.000869162875203202
20161121,20161216,0.0160583004195467,0.00940618993569229,-0.00193664543817966
20161219,20170120,0.0196909881099246,-0.00500378862660866,-0.00642513713032914
20170123,20170217,0.0240118320915965,0.00125931340063027,-0.0100550674726479
20170221,20170317,0.0202465943200653,0.005041394551318,-0.00706040872180291
20170320,20170421,0.0172533079556726,0.00213950110943383,-0.00312941082010779
20170424,20170519,0.00979068406788782,0.00363520776811332,-0.00200596375211905
20170522,20170616,0.0146831523952053,0.00195878199793432,-0.00230939898954382
20170619,20170721,0.0155882517550698,-0.00153726636262465,-0.00188624482423042
20170724,20170818,0.00761006866114703,0.00507796283292064,-0.00487085325946139
20170821,20170915,0.00994167294235333,-0.00318823595268807,-5.51607976862685e-05
20170918,20171020,0.00614378310465981,-0.00521494604683129,-0.00300128155749212
20171023,20171117,0.0102320343136178,0.0153067669326749,-0.00759226155273646
20171120,20171215,0.0108080858034302,-0.00350505302598278,0.0015855411603213
20171218,20180119,-0.00477296761383164,-0.00709913398679728,0.00449182115970185
20180122,20180216,0.0067825523635698,0.00771547301893507,0.0032481653870035
20180220,20180316,0.0237608356756876,-0.00163873969774796,-0.00941290836379693
20180319,20180420,0.016657499914494,0.00108404851650887,0.00596929564797881
20180423,20180518,0.0191208746492461,0.00390083678663242,-0.0106584217379644
20180521,20180615,0.00805399364840349,0.001871031479475,-0.00146468886024834
20180618,20180720,0.0193850231793241,-0.00130870146409549,-0.00406883547750907
20180723,20180817,0.0101902846717899,0.00864698369169227,-0.00499255545862349
20180820,20180921,0.0135209897257001,-0.0057348116221936,0.00370886278750088
20180924,20181019,0.00662730862212672,0.00768649048980091,0.00754916394658695
20181022,20181116,0.00908257969300333,0.0170724706613495,0.00276720939246741
20181119,20181221,0.0214127838162824,0.0282981011091941,-0.00872252844698912
20181224,20190118,0.015644075147851,-0.0052521520424633,-0.00291332134402943
20190122,20190215,0.0233919508330066,0.000396574585526165,-0.0124467160365617
20190219,20190315,0.0158480314480248,-0.0035900792971681,-0.00517391575801133
20190318,20190418,0.0196731721329478,0.00267936342264978,-0.00254525725356431
20190422,20190517,0.0298717161566007,0.0119410977615562,-0.0107064642642686
20190520,20190621,0.0104196731145345,-0.00015941541590983,-0.00926897315230447
20190624,20190719,0.032817100496897,-0.0032864120908394,-0.0100715371336361
20190722,20190816,-0.00576058242310544,0.0236580858354178,0.00100862453654731
20190819,20190920,0.00870582252574021,0.00901785182998518,-0.0135384394577047
20190923,20191018,0.0127592136653151,-0.00677551666951596,0.00644164054934745
20191021,20191115,0.0146110681936072,0.00439175538717284,-0.0100113451715478
20191118,20191220,-0.00957308579483864,-0.0148732829118239,-0.000162300010114202
20191223,20200117,0.0242232864772358,-0.00139936992934298,-0.00440719392632051
20200121,20200221,0.0227468496396359,0.0128998001298214,-0.0137586289677455
20200224,20200320,-0.034474281240911,0.109049511026875,0.00130584884444352
20200323,20200417,0.0955835150378633,0.0431040837445742,-0.0302783292084919
20200420,20200515,0.0215709767764141,-0.0170480639590257,0.000851919406150469
20200518,20200619,0.0416350465564435,0.0199616151369266,-0.0127792496889364
20200622,20200717,0.0437639391590119,-0.0162370407448886,-0.000562952388184084
20200720,20200821,0.0283857360308896,-0.0331902539777792,-0.00922167598323624
20200824,20200918,0.0274506066640227,-0.00133837813800592,0.00618236069821356
20200921,20201016,0.0506047990197873,-0.00797157804554946,-0.00430537644039984
20201019,20201120,0.0494844942273287,0.0364203795305224,-0.0110850917812071
20201123,20201218,0.0206965530631573,-0.00723813512427457,0.00212574280068029
20201221,20210115,0.0279855551566044,-0.00499670204652174,-0.00289143266267255
20210119,20210219,0.0276143445605037,-0.0111892704127408,0.00465928831655646
20210222,20210319,0.0489732208977907,0.00023943877747219,0.00931181104630087
20210322,20210416,0.0288472699449393,-0.00925680051269078,0.00703981608645107
20210419,20210521,0.0317346578282799,-0.0017050713805029,0.00222003853296866
20210524,20210618,0.0232866050191244,8.75486406018861e-05,-0.00418333427662105
20210621,20210716,0.0303274712026755,0.00254973428706217,-0.00503253021743317
20210719,20210820,0.0244815551050846,-0.00658101663309494,-0.00440857612967021
20210823,20210917,0.02889838964605,-0.000223143165546192,-0.0143696431256527
20210920,20211015,0.0386901067436129,-0.000513674312429715,-0.00730427980744811
20211018,20211119,0.0195620669630784,0.0217948700486909,-0.00847369624055688
20211122,20211217,0.022571380012458,0.00543600822584633,0.00667142461015796
20211220,20220121,0.01767797305967,-0.0151114009911982,0.017122224530786
20220124,20220218,0.0330016842987618,-0.000979003715531833,-0.00564759164177322
20220222,20220318,0.0218703396630735,0.0155394154708771,-0.00417849363215312
20220321,20220414,0.0136962426480847,-0.00515499857654095,0.00602196922637403
20220418,20220520,0.0138693889270407,0.0272472424007144,0.0119663420651615
20220523,20220617,0.0214835237924858,0.0246417390018356,-0.00499140635422056
20220621,20220715,0.0190402296640803,-0.0148021270856276,-0.000908471335241487
20220718,20220819,0.0112114424786524,0.00127166951828602,-0.00620973806283912
20220822,20220916,0.0394884993350188,0.00401521166842732,-0.00569917210020928
20220919,20221021,0.0234207717847543,0.00495603052163395,-0.00481170326004678
20221024,20221118,0.0261902240039158,0.034595517437514,-0.0219357778134835
20221121,20221216,0.0318415190351314,-0.00242168486655009,-0.0170542660385995
